"p(Int)_psi","psi(Int).x","p(cow.active)_psi","p(human.active)_psi","psi(as.factor(biotic_com_2))","psi(turbine_dist).x","psi(as.factor(biotic_com_2):turbine_dist)","starts","df","logLik","AICc","delta","weight","Model","psi(Int).y","psi(as.factor(biotic_com_2)2)","psi(turbine_dist).y","psi(as.factor(biotic_com_2)2:turbine_dist)","p(Int)_det","p(human.active)_det","p(cow.active)_det","LRT_stat","LRT_p","Evidence_Ratio_vs_NonWind"
-2.85776094261844,1.1712189170544,0.152133130136775,-0.296846010600385,NA,NA,NA,"c(2,0,-3,0)",4,-675.344174325482,1359.10071978499,0,0.409857245842092,"Habitat","1.17 [0.73, 1.61]",NA,NA,NA,"-2.86 [-3.00, -2.72]","-0.30 [-0.53, -0.06]","0.15 [0.06, 0.24]",NA,NA,NA
-2.8535128327232,1.18771990775293,0.149286656818739,-0.299270978151162,NA,0.361700661950853,NA,"",5,-674.638856196977,1359.90271239395,0.801992608968249,0.274461943971594,"Turbine distance","1.19 [0.74, 1.64]",NA,"0.36 [-0.13, 0.85]",NA,"-2.85 [-2.99, -2.72]","-0.30 [-0.53, -0.06]","0.15 [0.06, 0.24]",1.41063625701122,0.234950799682407,0.669652535744939
-2.85720136858876,0.99409985258555,0.155434115976466,-0.295911037220843,"+",NA,NA,"c(1,0,-3,0,0)",5,-674.837269631857,1360.29953926371,1.19881947872932,0.225067234784732,"Biotic community","0.99 [0.52, 1.47]","0.69 [-0.38, 1.75]",NA,NA,"-2.86 [-3.00, -2.72]","-0.30 [-0.53, -0.06]","0.16 [0.06, 0.25]",NA,NA,NA
-2.84594134359073,0.965252170959435,0.152755119190461,-0.298053268863218,"+",0.282346791613281,"+","",7,-673.463820089144,1362.11912953999,3.01840975500522,0.0906135754015814,"Turbine distance x biotic community","0.97 [0.49, 1.44]","1.76 [-0.86, 4.39]","0.28 [-0.23, 0.79]","1.86 [-1.79, 5.50]","-2.85 [-2.98, -2.71]","-0.30 [-0.53, -0.06]","0.15 [0.06, 0.24]",2.74689908542632,0.253231916858389,0.402606694342913
