"p(Int)_psi","psi(Int).x","p(cow.active)_psi","p(human.active)_psi","psi(as.factor(biotic_com_2))","psi(turbine_rd_dist).x","psi(as.factor(biotic_com_2):turbine_rd_dist)","starts","df","logLik","AICc","delta","weight","Model","psi(Int).y","psi(as.factor(biotic_com_2)2)","psi(turbine_rd_dist).y","psi(as.factor(biotic_com_2)2:turbine_rd_dist)","p(Int)_det","p(human.active)_det","p(cow.active)_det","LRT_stat","LRT_p","Evidence_Ratio_vs_NonWind"
-2.84748868232007,1.28694243791827,0.149878222512817,-0.295799401595564,NA,0.839718065640397,NA,"",5,-673.134623614239,1356.89424722848,0,0.52870974251931,"Turbine road distance","1.29 [0.75, 1.82]",NA,"0.84 [-0.01, 1.69]",NA,"-2.85 [-2.98, -2.71]","-0.30 [-0.53, -0.06]","0.15 [0.06, 0.24]",4.41910142248594,0.035538746787987,3.0139040901655
-2.8423991782511,1.02556572789675,0.153647696835691,-0.294953925266765,"+",0.750248196013717,"+","",7,-671.825826937137,1358.84314323598,1.94889600749707,0.199535384523311,"Turbine road distance x biotic community","1.03 [0.50, 1.55]","3.23 [-2.80, 9.26]","0.75 [-0.06, 1.56]","4.44 [-5.33, 14.21]","-2.84 [-2.98, -2.71]","-0.29 [-0.53, -0.06]","0.15 [0.06, 0.24]",6.02288538944094,0.0492206171881543,2.07134470822955
-2.85776094261844,1.1712189170544,0.152133130136775,-0.296846010600385,NA,NA,NA,"c(2,0,-3,0)",4,-675.344174325482,1359.10071978499,2.20647255650647,0.175423545906624,"Null","1.17 [0.73, 1.61]",NA,NA,NA,"-2.86 [-3.00, -2.72]","-0.30 [-0.53, -0.06]","0.15 [0.06, 0.24]",NA,NA,NA
-2.85720136858876,0.99409985258555,0.155434115976466,-0.295911037220843,"+",NA,NA,"c(1,0,-3,0,0)",5,-674.837269631857,1360.29953926371,3.40529203523579,0.0963313270507551,"Biotic community","0.99 [0.52, 1.47]","0.69 [-0.38, 1.75]",NA,NA,"-2.86 [-3.00, -2.72]","-0.30 [-0.53, -0.06]","0.16 [0.06, 0.25]",NA,NA,NA
