"p(Int)_psi","psi(Int).x","p(cow.active)_psi","p(human.active)_psi","psi(as.factor(biotic_com_2))","psi(turbine_density_2_4km).x","psi(as.factor(biotic_com_2):turbine_density_2_4km)","starts","df","logLik","AICc","delta","weight","Model","psi(Int).y","psi(as.factor(biotic_com_2)2)","psi(turbine_density_2_4km).y","psi(as.factor(biotic_com_2)2:turbine_density_2_4km)","p(Int)_det","p(human.active)_det","p(cow.active)_det","LRT_stat","LRT_p","Evidence_Ratio_vs_NonWind"
-2.85776094261844,1.1712189170544,0.152133130136775,-0.296846010600385,NA,NA,NA,"c(2,0,-3,0)",4,-675.344174325482,1359.10071978499,0,0.402597723294007,"Habitat","1.17 [0.73, 1.61]",NA,NA,NA,"-2.86 [-3.00, -2.72]","-0.30 [-0.53, -0.06]","0.15 [0.06, 0.24]",NA,NA,NA
-2.85777038258642,1.20369095558743,0.149588085502487,-0.298740047944102,NA,-0.330971631502757,NA,"",5,-674.611371115435,1359.84774223087,0.747022445884795,0.277113351933755,"Turbine density","1.20 [0.75, 1.66]",NA,"-0.33 [-0.72, 0.06]",NA,"-2.86 [-3.00, -2.72]","-0.30 [-0.53, -0.06]","0.15 [0.06, 0.24]",1.46560642009467,0.226040183049872,0.688313261352911
-2.85720136858876,0.99409985258555,0.155434115976466,-0.295911037220843,"+",NA,NA,"c(1,0,-3,0,0)",5,-674.837269631857,1360.29953926371,1.19881947872932,0.221080771980109,"Biotic community","0.99 [0.52, 1.47]","0.69 [-0.38, 1.75]",NA,NA,"-2.86 [-3.00, -2.72]","-0.30 [-0.53, -0.06]","0.16 [0.06, 0.25]",NA,NA,NA
-2.85221093274821,0.969527251019838,0.154001219948134,-0.296876815892384,"+",-0.225095390012508,"+","",7,-673.355332873505,1361.90215510871,2.8014353237279,0.099208152792129,"Turbine density x biotic community","0.97 [0.49, 1.45]","1.25 [-0.25, 2.74]","-0.23 [-0.67, 0.22]","-0.70 [-1.73, 0.33]","-2.85 [-2.99, -2.72]","-0.30 [-0.53, -0.06]","0.15 [0.06, 0.24]",2.96387351670364,0.227197235852385,0.448741660812796
