"p(Int)_psi","psi(Int).x","p(veg_cover_cam)_psi","psi(slope).x","psi(as.factor(biotic_com_2))","psi(turbine_dist).x","psi(as.factor(biotic_com_2):turbine_dist)","df","logLik","AICc","delta","weight","Model","psi(Int).y","psi(slope).y","psi(as.factor(biotic_com_2)2)","psi(turbine_dist).y","psi(as.factor(biotic_com_2)2:turbine_dist)","p(Int)_det","p(veg_cover_cam)_det","LRT_stat","LRT_p","Evidence_Ratio_vs_NonWind"
-3.76597101623697,-1.84885820661205,-0.860305141670717,-1.16265008701767,"+",NA,NA,5,-93.5555048219992,197.736009643998,0,0.351600097791478,"Biotic community + slope","-1.85 [-2.68, -1.02]","-1.16 [-2.44, 0.11]","-10.90 [-249.21, 227.42]",NA,NA,"-3.77 [-4.56, -2.98]","-0.86 [-1.70, -0.02]",NA,NA,NA
-4.06002503958118,-1.97324502402383,-1.18850077800842,-1.30632188791549,NA,NA,NA,4,-94.8553457887717,198.123062711564,0.387053067565603,0.289735347116444,"Slope","-1.97 [-2.81, -1.14]","-1.31 [-2.57, -0.05]",NA,NA,NA,"-4.06 [-4.82, -3.30]","-1.19 [-1.98, -0.40]",NA,NA,NA
-4.10413883828371,-1.59177407913328,-1.23459980289488,NA,NA,NA,NA,3,-96.5392990570618,199.323496073307,1.58748642930883,0.158975679164249,"Null","-1.59 [-2.22, -0.96]",NA,NA,NA,NA,"-4.10 [-4.86, -3.35]","-1.23 [-2.02, -0.45]",NA,NA,NA
-4.08066975163559,-1.96098834201951,-1.21382638834983,-1.29154266357221,NA,-0.114056699610992,NA,5,-94.813754165781,200.252508331562,2.51649868756363,0.0999075341933815,"Turbine distance + slope","-1.96 [-2.80, -1.12]","-1.29 [-2.56, -0.02]",NA,"-0.11 [-0.69, 0.47]",NA,"-4.08 [-4.85, -3.31]","-1.21 [-2.01, -0.41]",0.0831832459813597,0.773029042214857,0.344823423126309
-4.1321963841114,-1.57577579106133,-1.26407494482284,NA,NA,-0.199067546876182,NA,4,-96.4094489586615,201.231269051344,3.49525940734517,0.061243929865145,"Turbine distance","-1.58 [-2.21, -0.94]",NA,NA,"-0.20 [-0.78, 0.39]",NA,"-4.13 [-4.90, -3.37]","-1.26 [-2.05, -0.47]",0.259700196800594,0.610326198419614,0.385240875756031
-3.78680783757532,-1.83325573729552,-0.887127726148363,-1.13728896985168,"+",-0.153006703446043,"+",7,-93.4831250787638,202.15773951923,4.42172987523125,0.0385374118693028,"Turbine distance x biotic community + slope","-1.83 [-2.67, -1.00]","-1.14 [-2.43, 0.15]","-10.92 [-335.67, 313.83]","-0.15 [-0.74, 0.44]","2.01 [-118.83, 122.86]","-3.79 [-4.59, -2.99]","-0.89 [-1.74, -0.04]",0.144759486470889,0.930177600083226,0.109605805320788
