"p(Int)_psi","psi(Int).x","p(veg_cover_cam)_psi","psi(slope).x","psi(as.factor(biotic_com_2))","psi(as.factor(turbine_interior))","psi(as.factor(biotic_com_2):as.factor(turbine_interior))","df","logLik","AICc","delta","weight","Model","psi(Int).y","psi(slope).y","psi(as.factor(biotic_com_2)2)","psi(as.factor(turbine_interior)1)","psi(as.factor(turbine_interior)1:as.factor(biotic_com_2)2)","p(Int)_det","p(veg_cover_cam)_det","LRT_stat","LRT_p","Evidence_Ratio_vs_NonWind"
-3.76597101623697,-1.84885820661205,-0.860305141670717,-1.16265008701767,"+",NA,NA,5,-93.5555048219992,197.736009643998,0,0.352262738114569,"Biotic community + slope","-1.85 [-2.68, -1.02]","-1.16 [-2.44, 0.11]","-10.90 [-249.21, 227.42]",NA,NA,"-3.77 [-4.56, -2.98]","-0.86 [-1.70, -0.02]",NA,NA,NA
-4.06002503958118,-1.97324502402383,-1.18850077800842,-1.30632188791549,NA,NA,NA,4,-94.8553457887717,198.123062711564,0.387053067565603,0.290281394530054,"Slope","-1.97 [-2.81, -1.14]","-1.31 [-2.57, -0.05]",NA,NA,NA,"-4.06 [-4.82, -3.30]","-1.19 [-1.98, -0.40]",NA,NA,NA
-4.10413883828371,-1.59177407913328,-1.23459980289488,NA,NA,NA,NA,3,-96.5392990570618,199.323496073307,1.58748642930883,0.15927529141142,"Null","-1.59 [-2.22, -0.96]",NA,NA,NA,NA,"-4.10 [-4.86, -3.35]","-1.23 [-2.02, -0.45]",NA,NA,NA
-4.05831992439967,-1.8761794376795,-1.18244678172504,-1.29581871813233,NA,"+",NA,5,-94.7764483077872,200.177896615574,2.44188697157594,0.103900512059315,"Turbine interior + slope","-1.88 [-2.77, -0.98]","-1.30 [-2.54, -0.05]",NA,"-0.36 [-1.67, 0.96]",NA,"-4.06 [-4.82, -3.29]","-1.18 [-1.97, -0.39]",0.157794961969046,0.691194808811537,0.357930318708584
-4.10083013827204,-1.52429579437799,-1.22943909118581,NA,NA,"+",NA,4,-96.489276433246,201.390924000513,3.65491435651418,0.0566515945237038,"Turbine interior","-1.52 [-2.22, -0.83]",NA,NA,"-0.28 [-1.56, 1.01]",NA,"-4.10 [-4.86, -3.34]","-1.23 [-2.01, -0.45]",0.100045247631584,0.751775341880606,0.355683508858687
-3.77783482225674,-1.77463530912437,-0.871113345043,-1.16214621287198,"+","+","+",7,-93.5088765256686,202.209242413039,4.47323276904092,0.0376284693609378,"Turbine interior x biotic community + slope","-1.77 [-2.66, -0.89]","-1.16 [-2.42, 0.09]","-10.37 [-236.37, 215.63]","-0.28 [-1.60, 1.04]","-3.88 [-2307.33, 2299.58]","-3.78 [-4.57, -2.99]","-0.87 [-1.71, -0.03]",0.0932565926612199,0.954442101295225,0.106819329124443
