"p(Int)_psi","psi(Int).x","p(veg_cover_cam)_psi","psi(slope).x","psi(as.factor(biotic_com_2))","psi(turbine_rd_dist).x","psi(as.factor(biotic_com_2):turbine_rd_dist)","df","logLik","AICc","delta","weight","Model","psi(Int).y","psi(slope).y","psi(as.factor(biotic_com_2)2)","psi(turbine_rd_dist).y","psi(as.factor(biotic_com_2)2:turbine_rd_dist)","p(Int)_det","p(veg_cover_cam)_det","LRT_stat","LRT_p","Evidence_Ratio_vs_NonWind"
-3.76597101623697,-1.84885820661205,-0.860305141670717,-1.16265008701767,"+",NA,NA,5,-93.5555048219992,197.736009643998,0,0.409855982470505,"Biotic community + slope","-1.85 [-2.68, -1.02]","-1.16 [-2.44, 0.11]","-10.90 [-249.21, 227.42]",NA,NA,"-3.77 [-4.56, -2.98]","-0.86 [-1.70, -0.02]",NA,NA,NA
-4.06002503958118,-1.97324502402383,-1.18850077800842,-1.30632188791549,NA,NA,NA,4,-94.8553457887717,198.123062711564,0.387053067565603,0.337740990673072,"Slope","-1.97 [-2.81, -1.14]","-1.31 [-2.57, -0.05]",NA,NA,NA,"-4.06 [-4.82, -3.30]","-1.19 [-1.98, -0.40]",NA,NA,NA
-4.10413883828371,-1.59177407913328,-1.23459980289488,NA,NA,NA,NA,3,-96.5392990570618,199.323496073307,1.58748642930883,0.185316026878415,"Null","-1.59 [-2.22, -0.96]",NA,NA,NA,NA,"-4.10 [-4.86, -3.35]","-1.23 [-2.02, -0.45]",NA,NA,NA
-4.09176043673199,-1.60460374373151,-1.22197965477378,NA,NA,0.0470417582925573,NA,4,-96.5299443140508,201.472259762122,3.73625011812368,0.0632870531517275,"Turbine road distance","-1.60 [-2.25, -0.96]",NA,NA,"0.05 [-0.45, 0.54]",NA,"-4.09 [-4.86, -3.33]","-1.22 [-2.01, -0.43]",0.0187094860220895,0.891202619175732,0.341508795638328
-4.78359627165929,-0.81911875730785,-0.837995621442022,-4.33335255627242,NA,5.42632790147432,NA,5,-98.6292272446791,207.883454489358,10.1474448453597,0.00256532047681049,"Turbine road distance + slope","-0.82 [-2.18, 0.54]","-4.33 [-8.64, -0.03]",NA,"5.43 [0.55, 10.30]",NA,"-4.78 [-5.39, -4.18]","-0.84 [-1.41, -0.26]",-7.54776291181469,1,0.00759552600262749
-4.45658504509646,-0.806781937749691,-0.512828640505913,-3.95244960030355,"+",4.86134524142884,"+",7,-97.0772976036067,209.346084568916,11.6100749249171,0.00123462634947002,"Turbine road distance x biotic community + slope","-0.81 [-2.19, 0.58]","-3.95 [-8.83, 0.93]","-10.90 [-109.65, 87.86]","4.86 [-0.75, 10.47]","-3.83 [-97.97, 90.30]","-4.46 [-5.15, -3.77]","-0.51 [-1.14, 0.11]",-7.04358556321492,1,0.00301234190124057
