"p(Int)_psi","psi(Int).x","p(veg_cover_cam)_psi","psi(slope).x","psi(as.factor(biotic_com_2))","psi(turbine_rd_density_3_7km).x","psi(as.factor(biotic_com_2):turbine_rd_density_3_7km)","df","logLik","AICc","delta","weight","Model","psi(Int).y","psi(slope).y","psi(as.factor(biotic_com_2)2)","psi(turbine_rd_density_3_7km).y","psi(as.factor(biotic_com_2)2:turbine_rd_density_3_7km)","p(Int)_det","p(veg_cover_cam)_det","LRT_stat","LRT_p","Evidence_Ratio_vs_NonWind"
-3.76597101623697,-1.84885820661205,-0.860305141670717,-1.16265008701767,"+",NA,NA,5,-93.5555048219992,197.736009643998,0,0.355732942417605,"Biotic community + slope","-1.85 [-2.68, -1.02]","-1.16 [-2.44, 0.11]","-10.90 [-249.21, 227.42]",NA,NA,"-3.77 [-4.56, -2.98]","-0.86 [-1.70, -0.02]",NA,NA,NA
-4.06002503958118,-1.97324502402383,-1.18850077800842,-1.30632188791549,NA,NA,NA,4,-94.8553457887717,198.123062711564,0.387053067565603,0.293141009344216,"Slope","-1.97 [-2.81, -1.14]","-1.31 [-2.57, -0.05]",NA,NA,NA,"-4.06 [-4.82, -3.30]","-1.19 [-1.98, -0.40]",NA,NA,NA
-4.10413883828371,-1.59177407913328,-1.23459980289488,NA,NA,NA,NA,3,-96.5392990570618,199.323496073307,1.58748642930883,0.16084434127625,"Null","-1.59 [-2.22, -0.96]",NA,NA,NA,NA,"-4.10 [-4.86, -3.35]","-1.23 [-2.02, -0.45]",NA,NA,NA
-4.04125920106589,-1.99988716574314,-1.16505505251282,-1.33051988476073,NA,-0.0952771310313316,NA,5,-94.8286049545386,200.282209909077,2.54620026507877,0.0995918321849068,"Turbine road density + slope","-2.00 [-2.85, -1.15]","-1.33 [-2.61, -0.05]",NA,"-0.10 [-0.69, 0.50]",NA,"-4.04 [-4.81, -3.27]","-1.17 [-1.96, -0.37]",0.0534816684662189,0.817112012153626,0.339740360476015
-4.10267040676957,-1.59325395778538,-1.23311255666413,NA,NA,-0.00419706016211054,NA,4,-96.5392409064106,201.490852946842,3.75484330284328,0.0544214640708789,"Turbine road density","-1.59 [-2.24, -0.95]",NA,NA,"-0.00 [-0.57, 0.56]",NA,"-4.10 [-4.88, -3.33]","-1.23 [-2.03, -0.43]",0.000116301302483635,0.991395533805853,0.338348639678968
-3.76563102221668,-1.85012990233508,-0.859767047326662,-1.16382752823452,"+",-0.00507564114648232,"+",7,-93.5554932948185,202.302475951339,4.56646630734068,0.036268410706143,"Turbine road density x biotic community + slope","-1.85 [-2.69, -1.01]","-1.16 [-2.44, 0.12]","-10.71 [-316.11, 294.70]","-0.01 [-0.60, 0.59]","-2.36 [-294.18, 289.47]","-3.77 [-4.56, -2.97]","-0.86 [-1.70, -0.02]",2.30543614634371e-05,0.999988472885706,0.101954040184354
