"p(Int)_psi","psi(Int).x","p(veg_cover_cam)_psi","psi(slope).x","psi(as.factor(biotic_com_2))","psi(turbine_density_3_7km).x","psi(as.factor(biotic_com_2):turbine_density_3_7km)","df","logLik","AICc","delta","weight","Model","psi(Int).y","psi(slope).y","psi(as.factor(biotic_com_2)2)","psi(turbine_density_3_7km).y","psi(as.factor(biotic_com_2)2:turbine_density_3_7km)","p(Int)_det","p(veg_cover_cam)_det","LRT_stat","LRT_p","Evidence_Ratio_vs_NonWind"
-3.76597101623697,-1.84885820661205,-0.860305141670717,-1.16265008701767,"+",NA,NA,5,-93.5555048219992,197.736009643998,0,0.354864621440902,"Biotic community + slope","-1.85 [-2.68, -1.02]","-1.16 [-2.44, 0.11]","-10.90 [-249.21, 227.42]",NA,NA,"-3.77 [-4.56, -2.98]","-0.86 [-1.70, -0.02]",NA,NA,NA
-4.06002503958118,-1.97324502402383,-1.18850077800842,-1.30632188791549,NA,NA,NA,4,-94.8553457887717,198.123062711564,0.387053067565603,0.292425471205365,"Slope","-1.97 [-2.81, -1.14]","-1.31 [-2.57, -0.05]",NA,NA,NA,"-4.06 [-4.82, -3.30]","-1.19 [-1.98, -0.40]",NA,NA,NA
-4.10413883828371,-1.59177407913328,-1.23459980289488,NA,NA,NA,NA,3,-96.5392990570618,199.323496073307,1.58748642930883,0.160451730699999,"Null","-1.59 [-2.22, -0.96]",NA,NA,NA,NA,"-4.10 [-4.86, -3.35]","-1.23 [-2.02, -0.45]",NA,NA,NA
-4.06037913760267,-1.97293119466498,-1.18898983048712,-1.30558064019973,NA,0.00260250676942986,NA,5,-94.8553235054715,200.335647010943,2.59963736694462,0.0967294286198211,"Turbine density + slope","-1.97 [-2.81, -1.14]","-1.31 [-2.57, -0.04]",NA,"0.00 [-0.56, 0.57]",NA,"-4.06 [-4.83, -3.29]","-1.19 [-1.99, -0.39]",4.45666003656697e-05,0.994673504200369,0.330783184587535
-4.12725519140412,-1.57803404546754,-1.26104158722817,NA,NA,0.15306478486828,NA,4,-96.4568883330242,201.326147800069,3.59013815607062,0.0589486832881266,"Turbine density","-1.58 [-2.21, -0.95]",NA,NA,"0.15 [-0.39, 0.69]",NA,"-4.13 [-4.89, -3.36]","-1.26 [-2.05, -0.47]",0.164821448075145,0.68475576847833,0.367392006499105
-3.76676791394825,-1.84204127383142,-0.863191013445825,-1.14395658097793,"+",0.0583139107538929,"+",7,-93.5444930968992,202.280475555501,4.54446591150213,0.0365800647457858,"Turbine density x biotic community + slope","-1.84 [-2.67, -1.01]","-1.14 [-2.43, 0.14]","-10.81 [-345.99, 324.37]","0.06 [-0.50, 0.62]","-3.60 [-347.38, 340.18]","-3.77 [-4.56, -2.97]","-0.86 [-1.71, -0.02]",0.0220234502000096,0.989048682012676,0.103081745926813
